{
  "description": "This is a system generated manifest of files expected to be present in this zip. It can be safely deleted.",
  "metadata": {
    "generated_at": "2025-03-11T07:36:35+00:00",
    "trigger": {
      "file_hashid": "unknown",
      "action": "unknown"
    }
  },
  "manifest": [
    {
      "filename": "Train.csv",
      "filesize": 2864060,
      "description": "Train contains the target. This is the dataset that you will use to train your model.",
      "created_at": "2021-08-26 07:03:15 UTC",
      "updated_at": "2022-02-25 10:19:19 UTC"
    },
    {
      "filename": "Test.csv",
      "filesize": 1201313,
      "description": "Test resembles Train.csv but without the target-related columns. This is the dataset on which you will apply your model to.",
      "created_at": "2021-08-26 07:03:06 UTC",
      "updated_at": "2022-02-25 10:19:34 UTC"
    },
    {
      "filename": "VariableDefinitions.csv",
      "filesize": 1156,
      "description": "Full list of variables and their explanations.",
      "created_at": "2019-07-23 09:17:38 UTC",
      "updated_at": "2022-02-25 10:19:49 UTC"
    },
    {
      "filename": "SampleSubmission.csv",
      "filesize": 848575,
      "description": "This shows the submission format for this competition, with the ‘ID’ column mirroring that of Test.csv and the ‘target’ column containing your predictions. The order of the rows does not matter, but the names of the ID must be correct. Note that the variable ID  in the submission file is:  uniqueid + \" x \" + country name.",
      "created_at": "2021-06-10 10:32:21 UTC",
      "updated_at": "2022-02-25 10:20:28 UTC"
    },
    {
      "filename": "StarterNotebook.ipynb",
      "filesize": 208278,
      "description": "This is a starter notebook to help you make your first submission. If the file open weirdly you can ctrl-S and it will save to your download folder. ",
      "created_at": "2025-03-11 07:36:12 UTC",
      "updated_at": "2025-03-11 07:36:18 UTC"
    }
  ]
}